,Page Url,Job,Location,ImmEcs,Description and Requirements,Organization
0,https://careers.jsi.com/JSIInternet/Careers/jobdescription.cfm?id=133007&intern=0,"Communication Officer, Knowledge Management","Arlington, VA",Economics,"The United States Agency for International Development (USAID) Advancing Nutrition project is the Agencyâs flagship nutrition project, led by JSI Research &amp; Training Institute, Inc. (JSI), and a diverse group of experienced partners. Launched in September 2018, USAID Advancing Nutrition implements and provides technical support to nutrition interventions across sectors and disciplines for USAID and its partners. The projectâs multi-sectoral approach draws together global nutrition experience to design, implement and evaluate programs that address the root causes of malnutrition. Committed to using a systems approach, USAID Advancing Nutrition strives to sustain positive outcomes by building local capacity, supporting behavior change and strengthening the enabling environment to save lives, improve health, build resilience, increase economic productivity and advance development. 


The Communication Officer sits on the Knowledge Management Team and is responsible for coordinating the projectâs dissemination and outreach to ensure USAID Advancing Nutritionâs publications, technical resources, and events are widely shared across the global nutrition and broader international development communities. They will work under the direction of the Knowledge Management Director to identify opportunities to highlight project successes, share technical tools and improve internal communication.  Working closely with the teamâs Project Coordinator, the Project Officer will take the lead on supporting activities to meet all contractual deliverables, ensure US government compliance, manage the budget, and provide technical input when needed. Occasionally, the Communication Officer may be asked to lead activities such as presenting initiatives results to project staff and USAID counterparts, identifying innovative ways to communicate about our work and implementing them in concert with our Knowledge Management Team.  This position is based in Arlington, VA and will be supervised by the Knowledge Management Director. The salary range for this position is $47,500 - 64,865.  Please note the JSI office is closed due to the ongoing pandemic and that all project staff are working remotely until the office reopens.  

USAID Advancing Nutrition is committed to creating a diverse environment and is proud to be an equal opportunity employer. All qualified applicants will receive consideration for employment without regard to race, color, religion, gender, gender identity or expression, sexual orientation, national origin, genetics, disability, age, or veteran status.ed States Agency for International Development (USAID) Advancing Nutrition project is the Agencyâs flagship nutrition project, led by JSI Research &amp; Training Institute, Inc. (JSI), and a diverse group of experienced partners. Launched in September 2018, USAID Advancing Nutrition implements and provides technical support to nutrition interventions across sectors and disciplines for USAID and its partners. The projectâs multi-sectoral approach draws together global nutrition experience to design, implement and evaluate programs that address the root causes of malnutrition. Committed to using a systems approach, USAID Advancing Nutrition strives to sustain positive outcomes by building local capacity, supporting behavior change and strengthening the enabling environment to save lives, improve health, build resilience, increase economic productivity and advance development. 


The Communication Officer sits on the Knowledge Management Team and is responsible for coordinating the projectâs dissemination and outreach to ensure USAID Advancing Nutritionâs publications, technical resources, and events are widely shared across the global nutrition and broader international development communities. They will work under the direction of the Knowledge Management Director to identify opportunities to highlight project successes, share technical tools and improve internal communication.  Working closely with the teamâs Project Coordinator, the Project Officer will take the lead on supporting activities to meet all contractual deliverables, ensure US government compliance, manage the budget, and provide technical input when needed. Occasionally, the Communication Officer may be asked to lead activities such as presenting initiatives results to project staff and USAID counterparts, identifying innovative ways to communicate about our work and implementing them in concert with our Knowledge Management Team.  This position is based in Arlington, VA and will be supervised by the Knowledge Management Director. The salary range for this position is $47,500 - 64,865.  Please note the JSI office is closed due to the ongoing pandemic and that all project staff are working remotely until the office reopens.  

USAID Advancing Nutrition is committed to creating a diverse environment and is proud to be an equal opportunity employer. All qualified applicants will receive consideration for employment without regard to race, color, religion, gender, gender identity or expression, sexual orientation, national origin, genetics, disability, age, or veteran status., The Communications Officer will:

Lead external communication for USAID Advancing Nutrition, including researching new channels for the projectâs technical content, and refining and implementing a process to systematically share USAID Advancing Nutritionâs work and other project resources in global health online and in-person forums. 
Manage USAID Advancing Nutritionâs social media accounts, working in close coordination with the communications officer to ensure timely Tweets, consistent messaging, and using social media platforms to enhance existing partnerships and explore new ones.
Monitor and evaluate project communication, using Google Analytics, surveys, and other tools and develop reports to share results with project leadership and USAID. 
Collaborate with technical teams to develop blog posts, web content, and other material to promote USAID Advancing Nutritionâs work and facilitate its strategic placement in different communication channels, including those of the projectâs consortium partners.
Conceptualize and create data visualizations to enhance dissemination efforts.
Identify opportunities to improve internal communication across technical teams, country offices and the home offices and work with the KM Team to develop efficient processes to facilitate communication. 
Communicate any progress and/or delays to the USAID Advancing Nutrition KM team with efficiency and accuracy.
Build capacity of USAID Advancing Nutrition field and HQ staff to share project achievements.
Manage the preparations for special events such as conferences and workshops, and support administrative and management activities such as staff retreats and meetings. 
Provide additional support to JSI projects as requested, which may include social media, writing, translating, editing, formatting, or making resources 508-compliant.",JSI
1,https://careers.jsi.com/JSIInternet/Careers/jobdescription.cfm?id=134247&intern=0,Communications Consultant (Immunization),"Juba, South Sudan",Immunization,"JSI Research and Training Institute, Inc. (JSI) is implementing an immunization project in South Sudan and is seeking a Communications Consultant. The Communications Consultant will be responsible for coordinating and carrying out communication activities, together with partners and Ministry of Health (MoH), to enable strengthening of routine immunization in South Sudan. The Communications Consultant will work to support the EPI to ensure the successful implementation of communication activities to improve routine immunization activities in South Sudan.arch and Training Institute, Inc. (JSI) is implementing an immunization project in South Sudan and is seeking a Communications Consultant. The Communications Consultant will be responsible for coordinating and carrying out communication activities, together with partners and Ministry of Health (MoH), to enable strengthening of routine immunization in South Sudan. The Communications Consultant will work to support the EPI to ensure the successful implementation of communication activities to improve routine immunization activities in South Sudan., Develop a workplan along with HSS Technical Consultant and JSI HQ;
Maintain partnerships with media houses;
Hold periodic journalist briefings on the immunization programme;
Organize radio talk shows for MoH and partners;
Prepare quarterly EPI bulletins for public dissemination;
Closely work with other partners supporting immunization programme including UNICEF, WHO, SS Red Cross, etc.;
Communicate regularly (e.g. via email, weekly teleconference calls, Skype) with the HQ team, including sharing documents developed;
Participating in Full Portfolio Planning (FPP) meetings and activities in order to represent JSI and secure future opportunities in South Sudan;
Other duties as assigned.",JSI
2,https://careers.jsi.com/JSIInternet/Careers/jobdescription.cfm?id=134149&intern=0,Community of Practice Program Officer,"Harare, Zimbabwe",Both,"Immunization Center Overview
Through its Immunization Center, JSI Research &amp; Training Institute, Inc. (JSI) seeks to strengthen global, regional and country efforts to improve routine immunization (RI) systems and increase coverage at scale in a sustainable and equitable way with attention to quality. JSI is a global leader known for its focus on strengthening routine immunization as an integral part of the broader health system.  JSI works at scale with Ministries of Health and partners to support the multiple interrelated components of the immunization system, and to identify, design and spread promising new program approaches to sustainably overcome long-standing challenges. The technical support that JSI provides at global, regional and particularly country levels is customized to build capacity; reduce inequity; improve the availability, quality and use of data at all levels; partner with communities and civil society; introduce new life-saving vaccines; promote behaviors favorable to immunization; strengthen communications; and professionalize supply chain management and logistics systems.  
The Center influences the global technical agenda for RI system strengthening in all immunization-related efforts through advocacy with partners and participation in international forums to share JSIâs technical expertise and development perspective. In addition to this global technical leadership role, the Center serves as the hub for immunization technical activity within JSI, and manages a portfolio of immunization-related projects and new business opportunities, in collaboration with other JSI Centers and the organizationâs bilateral and centrally-funded projects. 

Position Description
The Community of Practice Program Officer (CoP PO) will be based in Harare, Zimbabwe and provide assistance to the project technical leads in organizing and managing a Community of Practice (CoP) to support the Expanded Program on Immunization (EPI) and other units of the Ministry of Health and Child Care (MOHCC) to carry out urban immunization activities. The CoP may include members from the EPI, technical partners, health workers and civil society organizationsâamong othersâand aims to build capacity of members to plan, prepare, and implement urban immunization strategies and interventions and foster peer-to-peer exchange among members. The CoP PO will also support the Senior Immunization Technical Officer (senior ITO) and Immunization Technical Officer (ITO) to serve as the in-country immunization technical focal points for Gavi Partnership Engagement Framework (PEF) and Health Systems Strengthening (HSS) urban immunization activities and liaise with JSI/HQ and Gavi, as well as with other key partners (e.g. WHO, UNICEF, USAID, and others), as necessary.ization Center Overview
Through its Immunization Center, JSI Research &amp; Training Institute, Inc. (JSI) seeks to strengthen global, regional and country efforts to improve routine immunization (RI) systems and increase coverage at scale in a sustainable and equitable way with attention to quality. JSI is a global leader known for its focus on strengthening routine immunization as an integral part of the broader health system.  JSI works at scale with Ministries of Health and partners to support the multiple interrelated components of the immunization system, and to identify, design and spread promising new program approaches to sustainably overcome long-standing challenges. The technical support that JSI provides at global, regional and particularly country levels is customized to build capacity; reduce inequity; improve the availability, quality and use of data at all levels; partner with communities and civil society; introduce new life-saving vaccines; promote behaviors favorable to immunization; strengthen communications; and professionalize supply chain management and logistics systems.  
The Center influences the global technical agenda for RI system strengthening in all immunization-related efforts through advocacy with partners and participation in international forums to share JSIâs technical expertise and development perspective. In addition to this global technical leadership role, the Center serves as the hub for immunization technical activity within JSI, and manages a portfolio of immunization-related projects and new business opportunities, in collaboration with other JSI Centers and the organizationâs bilateral and centrally-funded projects. 

Position Description
The Community of Practice Program Officer (CoP PO) will be based in Harare, Zimbabwe and provide assistance to the project technical leads in organizing and managing a Community of Practice (CoP) to support the Expanded Program on Immunization (EPI) and other units of the Ministry of Health and Child Care (MOHCC) to carry out urban immunization activities. The CoP may include members from the EPI, technical partners, health workers and civil society organizationsâamong othersâand aims to build capacity of members to plan, prepare, and implement urban immunization strategies and interventions and foster peer-to-peer exchange among members. The CoP PO will also support the Senior Immunization Technical Officer (senior ITO) and Immunization Technical Officer (ITO) to serve as the in-country immunization technical focal points for Gavi Partnership Engagement Framework (PEF) and Health Systems Strengthening (HSS) urban immunization activities and liaise with JSI/HQ and Gavi, as well as with other key partners (e.g. WHO, UNICEF, USAID, and others), as necessary., Support to the Senior Immunization Technical Officer and Immunization Technical Officer in the operational coordination of JSIâs Gavi PEF and HSS urban immunization activities and delivery of results, in accordance with the project work plans and other project activities, as necessary.
Establish and coordinate urban immunization Community of Practice (CoP), with technical oversight from the JSI in-country and JSI headquarters teams. Specific activities may include: Rapid insight gathering to determine key stakeholders to engage in the CoP platform; as well as best modes for communication and capacity building needs; Assist technical leads to develop goals, objectives, and desired outcomes of the CoP; establish CoP workplan; Establishment of Urban Immunization CoP based rapid insight gathering findings, including recruitment of members, organization of orientation session with CoP members, and co-creation of Terms of Reference with CoP members; Support Senior ITO and ITO to design technical content for and implement capacity building webinars and trainings on the urban immunization tools, process, findings, strategies and action plans; as well as facilitation of peer-to-peer exchanges within the CoP on lessons learned.; Assist Senior ITO and ITO to facilitate and monitor discussions on the selected CoP platform (e.g., Whatsapp), ensuring that the conversation remains relevant to intended topic &amp; objectives; Troubleshoot any technical issues that may arise while organizing and monitoring the CoP;
Assist Senior ITO and ITO in the documentation of lessons learned from use of CoP for strengthening urban immunization services
Support Senior ITO and ITO to develop and submit documentation and briefs on project implementation for internal and external use and prepare the presentations on results of the project, to be used at relevant events.
Assist Senior ITO to collaborate with the JSI headquarters team in the preparation and implementation of work plans and budgets for the Gavi contract, and submit technical reports to the project, Gavi, and relevant partners, including monthly activity summaries and interim technical reports.
Participate in regular team meetings and maintain close contact (e.g. email, telephone, WhatsApp, Skype, etc.) with the JSI headquarters team and JSI in-country office to ensure the smooth implementation of in-country activities, work plans, budgets and expenditures.
Report to the JSI Senior Immunization Technical Officer in Harare
Program Officer will be based in the National EPI Office of the MOHCC in Harare.
Other duties as assigned.",JSI
3,https://careers.jsi.com/JSIInternet/Careers/jobdescription.cfm?id=134270&intern=0,Consultant for Mozambique COVID-19 TA,"Maputo, Mozambique",Immunization,"John Snow, Inc. (JSI) is preparing for the implementation of a Gavi Alliance-funded project related to COVID-19 in Mozambique and is seeking a Consultant to provide support to the Ministry of Healthâs Expanded Program on Immunization (EPI). The Consultant will work closely with JSIâs Immunization Technical Advisor to support Ministry of Health and EPI for the planning and implementation process of the COVID-19 vaccine in Mozambique. At national level, the JSI consultant would work closely with EPI Technical Working Groups (TWG) and other relevant TWGâs for COVID-19 to enable successful monitoring through active participation in the TWGâs and  development of plans and strong tools or registers for collecting vaccination data and key monitoring indicators. 
The Consultant will provide direct support to EPI on tasks related to COVID-19 vaccine introduction in Mozambique to provide guidance on best practices for the introduction. The Consultant will provide support for national-level COVID-19 vaccine planning and implementation, as well as coordination with partner organizations and TWGs. The Consultant will engage the sub-national level team to ensure close coordination and sharing of national-level plans and tools of COVID-19 vaccinations. During implementation, the Consultant will orientate and guide the provincial JSI team to ensure better microplanning and vaccine introduction. The Consultant will work closely with JSIâs Immunization Technical Advisor to coordinate activities. The Consultant will also be in regular contact with JSI HQ for technical guidance.w, Inc. (JSI) is preparing for the implementation of a Gavi Alliance-funded project related to COVID-19 in Mozambique and is seeking a Consultant to provide support to the Ministry of Healthâs Expanded Program on Immunization (EPI). The Consultant will work closely with JSIâs Immunization Technical Advisor to support Ministry of Health and EPI for the planning and implementation process of the COVID-19 vaccine in Mozambique. At national level, the JSI consultant would work closely with EPI Technical Working Groups (TWG) and other relevant TWGâs for COVID-19 to enable successful monitoring through active participation in the TWGâs and  development of plans and strong tools or registers for collecting vaccination data and key monitoring indicators. 
The Consultant will provide direct support to EPI on tasks related to COVID-19 vaccine introduction in Mozambique to provide guidance on best practices for the introduction. The Consultant will provide support for national-level COVID-19 vaccine planning and implementation, as well as coordination with partner organizations and TWGs. The Consultant will engage the sub-national level team to ensure close coordination and sharing of national-level plans and tools of COVID-19 vaccinations. During implementation, the Consultant will orientate and guide the provincial JSI team to ensure better microplanning and vaccine introduction. The Consultant will work closely with JSIâs Immunization Technical Advisor to coordinate activities. The Consultant will also be in regular contact with JSI HQ for technical guidance.,  Participate in national level working groups dedicated to COVID-19 vaccine introduction
 Provide technical support to the design of service delivery strategies for COVID-19 vaccine, including best approaches for reaching those non-traditional target populations
Support design of capacity building strategies to support rollout of the vaccine(s)  
Track discussions and decisions with NITAG and the COVID-19 vaccine planning working group through meeting minutes, reports and updates;
Respond to requests to update and revise monitoring tools;
Ensure coordination with stakeholders and technical working groups (TWGs); Work with the planning team to identify and develop indicators and tracking tools adapted to the COVID-specific service delivery strategies, including support to adapted microplanning approaches;
Ensure provincial staff have most updated information and access to monitoring tools;
Other duties as assigned, with potential extension of activities to support implementation and introduction of vaccine.",JSI
4,https://careers.jsi.com/JSIInternet/Careers/jobdescription.cfm?id=134069&intern=0,Data Analyst,"Ouagadougou, Burkina Faso",Economics,"La description:
JSI Research &amp; Training Institute, Inc. (JSI) est une organisation de conseil et de recherche en gestion de la santÃ© publique dÃ©diÃ©e Ã  l'amÃ©lioration de la santÃ© des individus et des communautÃ©s Ã  travers le monde au cours des quarante derniÃ¨res annÃ©es. JSI est actuellement Ã  la recherche d'un analyste de donnÃ©es exceptionnel pour Country Health Information Systems and Data Use (CHISU) financÃ© par l'Agence des Ãtats-Unis pour le dÃ©veloppement international (USAID) au Burkina Faso.

Le CHISU est un programme quinquennal conÃ§u pour renforcer la capacitÃ© du pays hÃ´te Ã  produire des informations sanitaires de haute qualitÃ©, Ã  gÃ©rer de maniÃ¨re optimale ces informations et Ã  institutionnaliser la prise de dÃ©cision fondÃ©e sur des preuves. Le programme travaille avec les responsables de la santÃ© du pays hÃ´te, les agents de santÃ© et d'autres parties prenantes soutenus par l'USAID pour renforcer l'environnement propice Ã  la gestion de l'information sanitaire et Ã  la planification stratÃ©gique afin: d'amÃ©liorer l'harmonisation des systÃ¨mes d'information fragmentÃ©s, de rÃ©duire la duplication de la collecte de donnÃ©es et d'amÃ©liorer le suivi. et le suivi des propres tendances et prioritÃ©s sanitaires d'un pays.

L'analyste de donnÃ©es sera chargÃ© de diriger toutes les activitÃ©s d'analyse et d'analyse des donnÃ©es liÃ©es au CHISU sous la direction du conseiller rÃ©sident du CHISU pour le Burkina Faso. Ces activitÃ©s comprennent le renforcement de la capacitÃ© du personnel du gouvernement du Burkina Faso Ã  permettre une utilisation complÃ¨te et durable de la plate-forme du systÃ¨me d'information sanitaire de routine gÃ©rÃ©e par ENDOS, et l'augmentation de la disponibilitÃ© et de l'interopÃ©rabilitÃ© des donnÃ©es sanitaires de qualitÃ© en soutenant la Direction gÃ©nÃ©rale des Ã©tudes et des statistiques et le Direction des systÃ¨mes d'information du ministÃ¨re de la SantÃ© (MOH). Il s'agit d'un poste Ã  temps plein basÃ© Ã  Ouagadougou, au Burkina Faso.

--
JSI Research &amp; Training Institute, Inc. (JSI) is a public health management consulting and research organization dedicated to improving the health of individuals and communities throughout the world over the last forty years. JSI is currently seeking an outstanding Data Analyst for the Country Health Information System and Data Use (CHISU) global cooperative agreement funded by the United States Agency for International Development (USAID) in Burkina Faso. 

CHISU is a 5-year program designed to enhance host country capacity to produce high-quality health information, to optimally manage this information, and to institutionalize evidence-based decision-making. The program works with USAID- supported host country health managers, health workers, and other stakeholders to strengthen the enabling environment of health information management and strategic planning in order to: improve harmonization of fragmented information systems, reduce duplication of data collection, and improve monitoring and tracking of a countryâs own health trends and priorities.

The Data Analyst will be responsible for leading all CHISU-related data analysis and analytics activities under the direction of CHISUâs Resident Advisor for Burkina Faso. These activities include enhancing the capacity of the Government of Burkina Faso staff to enable full and sustainable utilization of the routine health information system platform managed through ENDOS, and increasing availability and interoperability of quality health data by supporting the Directorate General of Studies and Statistics and the Directorate of Information Systems in the Ministry of Health (MOH).  This is a full-time position based in Ouagadougou, Burkina Faso.iption:
JSI Research &amp; Training Institute, Inc. (JSI) est une organisation de conseil et de recherche en gestion de la santÃ© publique dÃ©diÃ©e Ã  l'amÃ©lioration de la santÃ© des individus et des communautÃ©s Ã  travers le monde au cours des quarante derniÃ¨res annÃ©es. JSI est actuellement Ã  la recherche d'un analyste de donnÃ©es exceptionnel pour Country Health Information Systems and Data Use (CHISU) financÃ© par l'Agence des Ãtats-Unis pour le dÃ©veloppement international (USAID) au Burkina Faso.

Le CHISU est un programme quinquennal conÃ§u pour renforcer la capacitÃ© du pays hÃ´te Ã  produire des informations sanitaires de haute qualitÃ©, Ã  gÃ©rer de maniÃ¨re optimale ces informations et Ã  institutionnaliser la prise de dÃ©cision fondÃ©e sur des preuves. Le programme travaille avec les responsables de la santÃ© du pays hÃ´te, les agents de santÃ© et d'autres parties prenantes soutenus par l'USAID pour renforcer l'environnement propice Ã  la gestion de l'information sanitaire et Ã  la planification stratÃ©gique afin: d'amÃ©liorer l'harmonisation des systÃ¨mes d'information fragmentÃ©s, de rÃ©duire la duplication de la collecte de donnÃ©es et d'amÃ©liorer le suivi. et le suivi des propres tendances et prioritÃ©s sanitaires d'un pays.

L'analyste de donnÃ©es sera chargÃ© de diriger toutes les activitÃ©s d'analyse et d'analyse des donnÃ©es liÃ©es au CHISU sous la direction du conseiller rÃ©sident du CHISU pour le Burkina Faso. Ces activitÃ©s comprennent le renforcement de la capacitÃ© du personnel du gouvernement du Burkina Faso Ã  permettre une utilisation complÃ¨te et durable de la plate-forme du systÃ¨me d'information sanitaire de routine gÃ©rÃ©e par ENDOS, et l'augmentation de la disponibilitÃ© et de l'interopÃ©rabilitÃ© des donnÃ©es sanitaires de qualitÃ© en soutenant la Direction gÃ©nÃ©rale des Ã©tudes et des statistiques et le Direction des systÃ¨mes d'information du ministÃ¨re de la SantÃ© (MOH). Il s'agit d'un poste Ã  temps plein basÃ© Ã  Ouagadougou, au Burkina Faso.

--
JSI Research &amp; Training Institute, Inc. (JSI) is a public health management consulting and research organization dedicated to improving the health of individuals and communities throughout the world over the last forty years. JSI is currently seeking an outstanding Data Analyst for the Country Health Information System and Data Use (CHISU) global cooperative agreement funded by the United States Agency for International Development (USAID) in Burkina Faso. 

CHISU is a 5-year program designed to enhance host country capacity to produce high-quality health information, to optimally manage this information, and to institutionalize evidence-based decision-making. The program works with USAID- supported host country health managers, health workers, and other stakeholders to strengthen the enabling environment of health information management and strategic planning in order to: improve harmonization of fragmented information systems, reduce duplication of data collection, and improve monitoring and tracking of a countryâs own health trends and priorities.

The Data Analyst will be responsible for leading all CHISU-related data analysis and analytics activities under the direction of CHISUâs Resident Advisor for Burkina Faso. These activities include enhancing the capacity of the Government of Burkina Faso staff to enable full and sustainable utilization of the routine health information system platform managed through ENDOS, and increasing availability and interoperability of quality health data by supporting the Directorate General of Studies and Statistics and the Directorate of Information Systems in the Ministry of Health (MOH).  This is a full-time position based in Ouagadougou, Burkina Faso., ResponsabilitÃ©s:
L'analyste de donnÃ©es participera aux tÃ¢ches suivantes:
Gouvernance renforcÃ©e et environnement propice des systÃ¨mes d'information sanitaire du pays hÃ´te
DisponibilitÃ© et interopÃ©rabilitÃ© accrues de donnÃ©es et de systÃ¨mes d'information sur la santÃ© de qualitÃ©
Augmentation de la demande et de l'utilisation des donnÃ©es et informations sur la santÃ© pour rÃ©pondre aux prioritÃ©s, lacunes et dÃ©fis en matiÃ¨re de santÃ© 
Les responsabilitÃ©s spÃ©cifiques comprendront, mais sans s'y limiter, les Ã©lÃ©ments suivants:
Renforcer la collecte, l'analyse et l'utilisation des donnÃ©es sanitaires de routine pour la prise de dÃ©cision en aidant le ministÃ¨re de la SantÃ© Ã  sÃ©lectionner, collecter et traiter les informations sanitaires de routine;
AmÃ©liorer la capacitÃ© au niveau central Ã  collecter des donnÃ©es provenant de sources multiples et Ã  les prÃ©parer pour l'analyse;
Introduction de l'application d'analyse des goulots d'Ã©tranglement dans DHIS2, avec le soutien du spÃ©cialiste HMIS, pour automatiser la collecte et la prÃ©sentation des donnÃ©es dans ENDOS et de les afficher de maniÃ¨re Ã  faciliter l'analyse systÃ©matique pour la programmation de la santÃ©;
Faciliter l'accÃ¨s aux donnÃ©es qui permettra dâamÃ©liorer son analyse conduisant Ã  une dÃ©sagrÃ©gation par sexe et d'autres indicateurs, Ã  gÃ©nÃ©rer des informations pour amÃ©liorer la prestation et la couverture des services, et Ã©ventuellement le dÃ©veloppement d'une ressource d'analyse complÃ¨te qui peut bÃ©nÃ©ficier Ã  tous les programmes de santÃ©
Soutenir le DSS pour quâil plaide en faveur du partage de donnÃ©es provenant d'autres systÃ¨mes via la couche d'interopÃ©rabilitÃ©;
Soutenir le dÃ©ploiement de nouveaux outils, mÃ©thodes et processus pour amÃ©liorer la production de produits d'information (par exemple, visualisations de donnÃ©es, tableaux de bord, SIG) et promouvoir leur adoption et leur utilisation;
Fournir un soutien au niveau central dans les mÃ©thodes d'analyse des donnÃ©es (par exemple, analyse prÃ©dictive, apprentissage automatique) pour amÃ©liorer la capacitÃ© des pays Ã  comprendre les obstacles Ã  la couverture, Ã  l'accÃ¨s et Ã  la qualitÃ© des programmes de santÃ©;
Fournir une assistance technique pour renforcer la capacitÃ© au niveau central Ã  utiliser efficacement les donnÃ©es collectÃ©es via le HMIS pour la prise de dÃ©cision. Planifier et mener des Ã©valuations pour comprendre les obstacles Ã  l'utilisation de des informations et dÃ©velopper des interventions adaptÃ©es pour amÃ©liorer l'utilisation des donnÃ©es;
Aider le MS Ã  mettre en Åuvre une mesure standardisÃ©e de la qualitÃ© des donnÃ©es collectÃ©es rÃ©guliÃ¨rement par les programmes dans le HMIS national;
Promouvoir l'Ã©quitÃ© entre les sexes dans la mise en Åuvre des programmes. 

--

The Data Analyst will assist with the following tasks:
Strengthened governance and enabling environment of host-country health information systems
Increased availability and interoperability of quality health data and information systems
Increased demand and use of health data and information to address health priorities, gaps, and challenges 
Specific responsibilities will include, but are not limited to the following:
Strengthen collection, analysis, and use of routine health data for decision  making by supporting the Ministry of Health in the data selection, collection, and processing of routine health information;
Improve capacity at the central level to collect data from multiple sources and prepare it for analysis; 
Introducing the bottleneck analysis app in the DHIS2, with support from the HMIS Specialist,  to automate data gathering and presentation within ENDOS and displaying it in a manner that facilitates systematic analysis for health programming;
Facilitate access to data that can improve its analysis leading to disaggregation by sex and other indicators, generation of insights to improve service delivery and coverage, and possibly development of a full analytics resource that can benefit all health programs
Support the DSS to advocate for data from other systems to be shared through the interoperability layer;
Support the deployment of new tools, methods and processes to enhance the production of information products (e.g. data visualizations, dashboards, GIS) and promote their uptake and use;
Provide support to the central level in data analysis methods (e.g. predictive analytics, machine learning) to improve country capacity to understand barriers to coverage, access, and quality in health programming;
Provide technical assistance to enhance capacity at the central level to use data collected through the HMIS effectively for decision-making. Plan and conduct assessments to understand barriers to information use and develop tailored interventions to improve data use;
Assist the MOH with implementing a standardised measurement of the quality of data routinely collected by programs in the national HMIS;
Promote gender equity in program implementation.",JSI
5,https://careers.jsi.com/JSIInternet/Careers/jobdescription.cfm?id=133587&intern=0,"Finance & Operations Manager, Immunization Center","Arlington, VA",Both,"Through its Immunization Center, JSI seeks to strengthen global, regional and country efforts to improve Routine Immunization systems and increase coverage at scale in a sustainable and equitable way. JSI is a global leader known for its unique focus on strengthening routine immunization as an integral part of the broader health system. JSI works at scale with Ministries of Health and partners to support the multiple interrelated components of the RI system to improve equitable, high coverage through identifying, designing and spreading promising new program approaches to sustainably overcome long-standing challenges. 

The Finance and Operations Manager (FOM) will be responsible for direct financial and operations management for select Immunization Center projects and ensuring that the financial systems and internal controls are in place and in line with JSI and client policy. The FOM will serve as the focal person for budget and financial processes of relevant field offices. S/he has primary responsibility for contract management as well as for subcontract administration and procurement for those projects. S/he will work under the direction of the Finance and Operations Director. The ideal candidate is organized, self-driven, flexible, has excellent interpersonal skills and is solution and outcome oriented. The candidate works well with others, but can operate independently, is team oriented, and has experience mentoring, coaching, and building capacity of field-based staff.its Immunization Center, JSI seeks to strengthen global, regional and country efforts to improve Routine Immunization systems and increase coverage at scale in a sustainable and equitable way. JSI is a global leader known for its unique focus on strengthening routine immunization as an integral part of the broader health system. JSI works at scale with Ministries of Health and partners to support the multiple interrelated components of the RI system to improve equitable, high coverage through identifying, designing and spreading promising new program approaches to sustainably overcome long-standing challenges. 

The Finance and Operations Manager (FOM) will be responsible for direct financial and operations management for select Immunization Center projects and ensuring that the financial systems and internal controls are in place and in line with JSI and client policy. The FOM will serve as the focal person for budget and financial processes of relevant field offices. S/he has primary responsibility for contract management as well as for subcontract administration and procurement for those projects. S/he will work under the direction of the Finance and Operations Director. The ideal candidate is organized, self-driven, flexible, has excellent interpersonal skills and is solution and outcome oriented. The candidate works well with others, but can operate independently, is team oriented, and has experience mentoring, coaching, and building capacity of field-based staff., Financial responsibilities:Review the project agreements to ascertain financial requirements and ensure compliance.
Monitor projectsâ financial program to ensure appropriate design, implementation, and management of financial resources.
Travel to field offices for start-up, close-out, training and financial reviews.
Final review and approval of field accounts (monthly Quickbooks) and ensure a continuous training and improvement process is in place for staff.
Lead the preparation of project budgets and budget realignments.
Manage, monitor, and update project budget, expenditures, projections, and obligated funds; review and analyze variations and review with the project team to inform programmatic decision making.
Directly supervise the  financial and operations staff, and provide training and support to those staff. 
Ensure that corporate and donor policies and procedures are adhered to and standard accounting practices are utilized.
Provide support and training to program staff on how to analyze budget vs actual expenditures to identify problem areas.
Serve as the point person for JSI accounting-related financial queries, reviewing monthly field office projections, coordinating all correspondence from the field office regarding wiring of cash, payments and other financial matters.
Lead preparation of financial reports and invoices to clients. 
Ensures timely submission, review and approval of purchase orders, expenses reports, payments to vendors, consultants, and subcontractors.
Facilitate all internal audits related with project funds with the field.

Operations/Contractual responsibilities:Ensure compliance with JSIâs procedures and regulations in implementation of all project activities.
Manage all administrative, operational and human resource functions and provide guidance and oversight to staff.
Collaborate with the project team to ensure coherence between programmatic activities and financial provisions.
Lead sub management in all financial and contractual aspects. 
Prepare, negotiate, manage and ensure compliance of all vendor contracts, subcontracts and consulting agreements. 
Supervise, manage and participate in the setup and maintenance of field offices.
 Oversee the creation, maintenance, and adherence to the JSI Operations Manual and Local Hire Employee Manual. Work with field offices to ensure procedures and manuals are compliant with local laws and donor regulations. 
Supervise the field operations staff and support in setting priorities, and identifying areas of risk and efficiency in the projectâs operations.
Assist the field offices with all issues related to field office human resources, including all local field staff hiring, salary negotiation, management of the annual review process, finalization of local hire agreements, and compliance with local labor laws. Manage expatriate staff allowances and payments.
Provide key inputs in work planning processes.

New Business Development:Review Requests for Proposals and other procurement documents to ensure financial proposals meet requirements.
Prepare financial proposals â budgets, narratives and other required financial documentation â for various donors. 
Lead and/or contribute to negotiation of awards with clients and partners (budget, contractual, etc.).",JSI
6,https://careers.jsi.com/JSIInternet/Careers/jobdescription.cfm?id=134208&intern=0,Finance and Administration Director,"Dar es Salaam, Tanzania",Economics,"John Snow, Incorporated (JSI) is a Boston-based public health consulting firm dedicated to providing high quality technical and managerial assistance to public health programs throughout the world. JSI works extensively with national and local governments, NGOs, the private sector, and traditional leaders to expand access to services for vulnerable populations. JSI is committed to improving the health of underserved populations through innovative approaches in a range of public health areas, including HIV and TB, reproductive, maternal, neonatal and child health, nutrition, water and sanitation, technical and organizational capacity building, supply chain strengthening, strategic information management, health systems management, and policy development.

JSI is currently recruiting for a cooperating country national Monitoring and Evaluation/Strategic Information Director for a possible position with the USAID-funded Tanzania Comprehensive Client-Centered Health Program â HIV and Tuberculosis Activity (C3HP-HIV/TB). The purpose of the project will be to support the Government of Tanzaniaâs (GOT) Ministry of Health and Social Welfare, Elderly and Children (MOHCDGEC) and the Presidentâs Office- Regional Administration and Local Government (PORALG) at the central level and in target Mainland regions to deliver high-quality integrated HIV and TB prevention care and treatment services that will improve health outcomes, particularly for youth and women. C3HP-HIV/TB will increase the demand for and use of quality integrated HIV and Tuberculosis services in target regions by improving access to quality services in both facilities and the surrounding communities, promoting positive health-seeking behaviors among Tanzaniaâs populace, and enhancing the overall policy environment for HIV/TB service delivery. Should JSI be the successful bidder, this will be a full-time position based in Dar es Salaam, Tanzania. The Finance and Administration Director will oversee all project finance and administration related duties. The anticipated award date is open. The Finance and Administration Director will report to the Chief of Party.w, Incorporated (JSI) is a Boston-based public health consulting firm dedicated to providing high quality technical and managerial assistance to public health programs throughout the world. JSI works extensively with national and local governments, NGOs, the private sector, and traditional leaders to expand access to services for vulnerable populations. JSI is committed to improving the health of underserved populations through innovative approaches in a range of public health areas, including HIV and TB, reproductive, maternal, neonatal and child health, nutrition, water and sanitation, technical and organizational capacity building, supply chain strengthening, strategic information management, health systems management, and policy development.

JSI is currently recruiting for a cooperating country national Monitoring and Evaluation/Strategic Information Director for a possible position with the USAID-funded Tanzania Comprehensive Client-Centered Health Program â HIV and Tuberculosis Activity (C3HP-HIV/TB). The purpose of the project will be to support the Government of Tanzaniaâs (GOT) Ministry of Health and Social Welfare, Elderly and Children (MOHCDGEC) and the Presidentâs Office- Regional Administration and Local Government (PORALG) at the central level and in target Mainland regions to deliver high-quality integrated HIV and TB prevention care and treatment services that will improve health outcomes, particularly for youth and women. C3HP-HIV/TB will increase the demand for and use of quality integrated HIV and Tuberculosis services in target regions by improving access to quality services in both facilities and the surrounding communities, promoting positive health-seeking behaviors among Tanzaniaâs populace, and enhancing the overall policy environment for HIV/TB service delivery. Should JSI be the successful bidder, this will be a full-time position based in Dar es Salaam, Tanzania. The Finance and Administration Director will oversee all project finance and administration related duties. The anticipated award date is open. The Finance and Administration Director will report to the Chief of Party., Collaborate with the Chief of Party and other key personnel to ensure coherence between programmatic activities and financial provisions;
Oversee all operational activities including procurement, grants, construction, logistics, human resources, accounting, finance and records;
Supervise all administrative and financial staff;
Manage, monitor, and update program budget and obligated funds; Direct the preparation and negotiation of project budgets, reports and modifications, and coordinate with JSI/Boston as appropriate;
Assist COP in addressing cooperative agreement-related issues and ensure all financial controls and systems comply with USG procedures and regulations in implementation of all program activities; and 
Implement fraud mitigation practices and ensure systems and processes are implemented effectively to support implementation of the award.",JSI
7,https://careers.jsi.com/JSIInternet/Careers/jobdescription.cfm?id=134067&intern=0,HMIS Specialist,"Ouagadougou, Burkina Faso",Economics,"La description:
JSI Research &amp; Training Institute, Inc. (JSI) est une organisation de conseil et de recherche en gestion de la santÃ© publique dÃ©diÃ©e Ã  l'amÃ©lioration de la santÃ© des individus et des communautÃ©s Ã  travers le monde au cours des quarante derniÃ¨res annÃ©es. JSI est actuellement Ã  la recherche d'un spÃ©cialiste du systÃ¨me d'information de gestion de la santÃ© (HMIS) exceptionnel pour Country Health Information Systems and Data Use (CHISU) financÃ© par l'Agence des Ãtats-Unis pour le dÃ©veloppement international (USAID) au Burkina Faso.

Le CHISU est un programme quinquennal conÃ§u pour renforcer la capacitÃ© du pays hÃ´te Ã  produire des informations sanitaires de haute qualitÃ©, Ã  gÃ©rer de maniÃ¨re optimale ces informations et Ã  institutionnaliser la prise de dÃ©cision fondÃ©e sur des preuves. Le programme travaille avec les responsables de la santÃ© du pays hÃ´te, les agents de santÃ© et d'autres parties prenantes soutenus par l'USAID pour renforcer l'environnement propice Ã  la gestion de l'information sanitaire et Ã  la planification stratÃ©gique afin: d'amÃ©liorer l'harmonisation des systÃ¨mes d'information fragmentÃ©s, de rÃ©duire la duplication de la collecte de donnÃ©es et d'amÃ©liorer le suivi. et le suivi des propres tendances et prioritÃ©s sanitaires d'un pays.

Le spÃ©cialiste HMIS sera chargÃ© de diriger toutes les activitÃ©s de renforcement du HMIS liÃ©es au CHISU sous la direction du conseiller rÃ©sident du CHISU pour le Burkina Faso. Ces activitÃ©s comprennent le renforcement de la capacitÃ© du personnel du gouvernement du Burkina Faso Ã  permettre une utilisation complÃ¨te et durable de la plate-forme du systÃ¨me d'information sanitaire de routine gÃ©rÃ©e par ENDOS, et l'augmentation de la disponibilitÃ© et de l'interopÃ©rabilitÃ© des donnÃ©es sanitaires de qualitÃ© en soutenant la Direction gÃ©nÃ©rale des Ã©tudes et des statistiques et le Direction des systÃ¨mes d'information du ministÃ¨re de la SantÃ© (MOH). Il s'agit d'un poste Ã  temps plein basÃ© Ã  Ouagadougou, au Burkina Faso.

--
Description:
JSI Research &amp; Training Institute, Inc. (JSI) is a public health management consulting and research organization dedicated to improving the health of individuals and communities throughout the world over the last forty years. JSI is currently seeking an outstanding Health Management Information System (HMIS) Specialist for the Country Health Information System and Data Use (CHISU) global cooperative agreement funded by the United States Agency for International Development (USAID) in Burkina Faso. 

CHISU is a 5-year program designed to enhance host country capacity to produce high-quality health information, to optimally manage this information, and to institutionalize evidence-based decision-making. The program works with USAID- supported host country health managers, health workers, and other stakeholders to strengthen the enabling environment of health information management and strategic planning in order to: improve harmonization of fragmented information systems, reduce duplication of data collection, and improve monitoring and tracking of a countryâs own health trends and priorities.

The HMIS Specialist will be responsible for leading all CHISU-related HMIS strengthening activities under the direction of CHISUâs Resident Advisor for Burkina Faso. These activities include enhancing the capacity of the Government of Burkina Faso staff to enable full and sustainable utilization of the routine health information system platform managed through ENDOS, and increasing availability and interoperability of quality health data by supporting the Directorate General of Studies and Statistics and the Directorate of Information Systems in the Ministry of Health (MOH).  This is a full-time position based in Ouagadougou, Burkina Faso.iption:
JSI Research &amp; Training Institute, Inc. (JSI) est une organisation de conseil et de recherche en gestion de la santÃ© publique dÃ©diÃ©e Ã  l'amÃ©lioration de la santÃ© des individus et des communautÃ©s Ã  travers le monde au cours des quarante derniÃ¨res annÃ©es. JSI est actuellement Ã  la recherche d'un spÃ©cialiste du systÃ¨me d'information de gestion de la santÃ© (HMIS) exceptionnel pour Country Health Information Systems and Data Use (CHISU) financÃ© par l'Agence des Ãtats-Unis pour le dÃ©veloppement international (USAID) au Burkina Faso.

Le CHISU est un programme quinquennal conÃ§u pour renforcer la capacitÃ© du pays hÃ´te Ã  produire des informations sanitaires de haute qualitÃ©, Ã  gÃ©rer de maniÃ¨re optimale ces informations et Ã  institutionnaliser la prise de dÃ©cision fondÃ©e sur des preuves. Le programme travaille avec les responsables de la santÃ© du pays hÃ´te, les agents de santÃ© et d'autres parties prenantes soutenus par l'USAID pour renforcer l'environnement propice Ã  la gestion de l'information sanitaire et Ã  la planification stratÃ©gique afin: d'amÃ©liorer l'harmonisation des systÃ¨mes d'information fragmentÃ©s, de rÃ©duire la duplication de la collecte de donnÃ©es et d'amÃ©liorer le suivi. et le suivi des propres tendances et prioritÃ©s sanitaires d'un pays.

Le spÃ©cialiste HMIS sera chargÃ© de diriger toutes les activitÃ©s de renforcement du HMIS liÃ©es au CHISU sous la direction du conseiller rÃ©sident du CHISU pour le Burkina Faso. Ces activitÃ©s comprennent le renforcement de la capacitÃ© du personnel du gouvernement du Burkina Faso Ã  permettre une utilisation complÃ¨te et durable de la plate-forme du systÃ¨me d'information sanitaire de routine gÃ©rÃ©e par ENDOS, et l'augmentation de la disponibilitÃ© et de l'interopÃ©rabilitÃ© des donnÃ©es sanitaires de qualitÃ© en soutenant la Direction gÃ©nÃ©rale des Ã©tudes et des statistiques et le Direction des systÃ¨mes d'information du ministÃ¨re de la SantÃ© (MOH). Il s'agit d'un poste Ã  temps plein basÃ© Ã  Ouagadougou, au Burkina Faso.

--
Description:
JSI Research &amp; Training Institute, Inc. (JSI) is a public health management consulting and research organization dedicated to improving the health of individuals and communities throughout the world over the last forty years. JSI is currently seeking an outstanding Health Management Information System (HMIS) Specialist for the Country Health Information System and Data Use (CHISU) global cooperative agreement funded by the United States Agency for International Development (USAID) in Burkina Faso. 

CHISU is a 5-year program designed to enhance host country capacity to produce high-quality health information, to optimally manage this information, and to institutionalize evidence-based decision-making. The program works with USAID- supported host country health managers, health workers, and other stakeholders to strengthen the enabling environment of health information management and strategic planning in order to: improve harmonization of fragmented information systems, reduce duplication of data collection, and improve monitoring and tracking of a countryâs own health trends and priorities.

The HMIS Specialist will be responsible for leading all CHISU-related HMIS strengthening activities under the direction of CHISUâs Resident Advisor for Burkina Faso. These activities include enhancing the capacity of the Government of Burkina Faso staff to enable full and sustainable utilization of the routine health information system platform managed through ENDOS, and increasing availability and interoperability of quality health data by supporting the Directorate General of Studies and Statistics and the Directorate of Information Systems in the Ministry of Health (MOH).  This is a full-time position based in Ouagadougou, Burkina Faso., ResponsabilitÃ©s:
Le spÃ©cialiste HMIS aidera aux tÃ¢ches suivantes:
Gouvernance renforcÃ©e et de lâenvironnement propice des systÃ¨mes d'information sanitaire du pays hÃ´te
DisponibilitÃ© et interopÃ©rabilitÃ© accrues de donnÃ©es et de systÃ¨mes d'information de qualitÃ© sur la santÃ©
Augmentation de la demande et de l'utilisation des donnÃ©es et des informations sur la santÃ© pour rÃ©pondre aux prioritÃ©s, lacunes et dÃ©fis en matiÃ¨re de santÃ© 
Les responsabilitÃ©s spÃ©cifiques comprendront, mais sans s'y limiter, les suivants:
 Renforcer la collecte, l'analyse et l'utilisation des donnÃ©es sanitaires de routine pour la prise de dÃ©cision en soutenant le ministÃ¨re de la SantÃ© Ã  sÃ©lectionner, collecter et traiter les informations sanitaires de routine;
AmÃ©liorer la capacitÃ© au niveau central Ã  gÃ©rer les systÃ¨mes et les ressources d'information sanitaire en soutenant les systÃ¨mes dans les domaines de la santÃ© Ã  tous les niveaux du systÃ¨me de santÃ© dans la planification stratÃ©gique et la gouvernance du systÃ¨me national d'information sanitaire (SNIS);
Soutenir l'interopÃ©rabilitÃ© entre les informations Ã©lectroniques de gestion logistique, le systÃ¨me d'information de gestion de la santÃ© (ENDOS) et le systÃ¨me de numÃ©risation communautaire ou d'autres systÃ¨mes ciblÃ©s. Cela nÃ©cessitera une coordination avec d'autres projets financÃ©s par des bailleurs de fonds ainsi qu'avec la Direction de la chaÃ®ne d'approvisionnement (DGAP) et les magasins mÃ©dicaux centraux (CAMEG);
Soutenir la mise en Åuvre de la stratÃ©gie nationale des systÃ¨mes d'information sanitaire;
Soutenir la finalisation de l'architecture des systÃ¨mes d'information et fournir une assistance technique au ministÃ¨re (DSIS et DSS) pour rationaliser les systÃ¨mes d'information et les sources de donnÃ©es;
Soutenir le DSS dans le dÃ©ploiement d'ENDOS au niveau des Ã©tablissements dans les rÃ©gions soutenues par le CHISU;
Fournir une assistance technique pour renforcer la capacitÃ© au niveau central Ã  utiliser efficacement les donnÃ©es collectÃ©es via le HMIS pour la prise de dÃ©cision. Planifier et mener des Ã©valuations pour comprendre les obstacles Ã  l'utilisation des informations et dÃ©velopper des interventions adaptÃ©es pour amÃ©liorer l'utilisation des donnÃ©es;
Aider le MS Ã  mettre en Åuvre le module de revue de la qualitÃ© des donnÃ©es du DHIS2 dans ENDOS afin de garantir une mesure standardisÃ©e de la qualitÃ© des donnÃ©es collectÃ©es rÃ©guliÃ¨rement par les programmes dans le HMIS national;
Guider les parties prenantes au niveau central vers une intÃ©gration appropriÃ©e des rapports parallÃ¨les dans le HMIS national (ENDOS);
Promouvoir l'Ã©quitÃ© entre les sexes dans la mise en Åuvre des programmes.

--
Responsibilities:
The HMIS Specialist will assist with the following tasks:
Strengthened governance and enabling environment of host-country health information systems
Increased availability and interoperability of quality health data and information systems
Increased demand and use of health data and information to address health priorities, gaps, and challenges 
Specific responsibilities will include, but are not limited to the following:
 Strengthen collection, analysis, and use of routine health data for decision  making by supporting the Ministry of Health in the data selection, collection, and processing of routine health information;
Improve capacity at the central level to manage health information systems and resources by supporting systems across health areas at all levels of the health system in strategic planning and governance of the National Health Information System; 
Support interoperability between the electronic logistics management information, the health management information system (ENDOS), and the community-based digitization system or other targeted systems.  This will require coordination with other donor-funded projects as well as the Directorate of Supply Chain (DGAP) and the central medical stores (CAMEG);
Support implementation of the national health information systems strategy; 
Support finalization of the information systems architecture and provide technical assistance to the ministry (DSIS and DSS) to rationalize information systems and data sources; 
Support DSS in the deployment of ENDOS at facility level in CHISU supported regions;
Provide technical assistance to enhance capacity at the central level to use data collected through the HMIS effectively for decision-making. Plan and conduct assessments to understand barriers to information use and develop tailored interventions to improve data use;
Assist the MOH with implementing the Data Quality Review module of the DHIS2 into ENDOS to ensure that there is a standardised measurement being taken of the quality of data routinely collected by programs in the national HMIS;
Guide stakeholders at the central level towards appropriate integration of parallel reporting into the national HMIS (ENDOS);
Promote gender equity in program implementation ",JSI
8,https://careers.jsi.com/JSIInternet/Careers/jobdescription.cfm?id=134249&intern=0,Immunization Technical Consultant,"Harare, Zimbabwe",Both,"To prepare countries for the delivery and use of COVID-19 vaccines, technical assistance and cold chain needs must be met in an urgent and efficient manner. As part of the COVAX Facility, Zimbabwe is a beneficiary of Gavi funding to provide technical assistance in preparing for the rollout of COVID-19 vaccination in 2021. 

The Immunization Technical Consultant (ITC) will be based in Harare, Zimbabwe and provide technical assistance at the national level to the Expanded Program on Immunization (EPI) and other units of the Ministry of Health and Child Care (MOHCC)/Zimbabwe government departments in the preparation and planning for COVID-19 vaccine introduction. In particular, the consultant will support the EPI and partners to identify potential COVID-19 vaccine delivery strategies leveraging both existing vaccination platforms and non-vaccination delivery approaches to best reach identified target groups.

With technical oversight from JSIâs Senior Immunization Technical Officer, the ITC will serve as the technical focal point for JSIâs Gavi COVAX TA activities and liaise with the EPI, other key technical partners (e.g. WHO, UNICEF, USAID, and others), and JSI headquarters to implement the work.re countries for the delivery and use of COVID-19 vaccines, technical assistance and cold chain needs must be met in an urgent and efficient manner. As part of the COVAX Facility, Zimbabwe is a beneficiary of Gavi funding to provide technical assistance in preparing for the rollout of COVID-19 vaccination in 2021. 

The Immunization Technical Consultant (ITC) will be based in Harare, Zimbabwe and provide technical assistance at the national level to the Expanded Program on Immunization (EPI) and other units of the Ministry of Health and Child Care (MOHCC)/Zimbabwe government departments in the preparation and planning for COVID-19 vaccine introduction. In particular, the consultant will support the EPI and partners to identify potential COVID-19 vaccine delivery strategies leveraging both existing vaccination platforms and non-vaccination delivery approaches to best reach identified target groups.

With technical oversight from JSIâs Senior Immunization Technical Officer, the ITC will serve as the technical focal point for JSIâs Gavi COVAX TA activities and liaise with the EPI, other key technical partners (e.g. WHO, UNICEF, USAID, and others), and JSI headquarters to implement the work., The Immunization Technical Consultant is expected to:
With oversight from Senior Program Manager, be responsible for the technical organization and daily management of JSIâs Gavi COVAX TA activity in Zimbabwe, in accordance with the work plan to to ensure effective implementation;
Maintain regular and close communication with EPI, UNICEF, WHO, and other relevant stakeholders at all levels; including participation in technical working group meetings at the national level
In collaboration with the MOHCC and partners, lead activities to identify potential COVID-19 vaccine delivery strategies that leverage both existing vaccination platforms and non-vaccination delivery approaches to best reach identified target groups. This includes: Development of methodology for identifying the target populations (data collection, desk reviews, etc.); Identification of other stakeholders to collaborate with; Locations where targeted people can be found; Strategies to reach them with the vaccine; Approaches for monitoring vaccine uptake;
Submit documentation and briefs on activity implementation for internal and external use and prepare presentations on activity implementation, as required, and with oversight from the Senior ITO and JSI/HQ team;
Collaborate with the JSI headquarters team in the preparation and implementation of work plan for the Gavi contract, and prepare monthly activity summaries and interim technical reports for the EPI and Gavi;
Maintain close contact (e.g. email, telephone, Skype, etc.) with the JSI headquarters team and JSI in-country office, to ensure the smooth implementation of the activity, work plans, budgets and expenditures;
Report to the JSI Senior Immunization Technical Officer in Harare;
Perform other activities, as appropriate and requested.",JSI
9,https://careers.jsi.com/JSIInternet/Careers/jobdescription.cfm?id=132967&intern=0,Publications Development Specialist,"Arlington, VA",Economics,"USAID Advancing Nutrition is the Agencyâs flagship nutrition project, led by JSI Research &amp; Training Institute, Inc. (JSI), and a diverse group of experienced partners. Launched in September 2018, USAID Advancing Nutrition provides and implements technical support to nutrition interventions across sectors and disciplines for USAID and its partners. The projectâs multi-sectoral approach draws together global nutrition experience to design, implement and evaluate programs that address the root causes of malnutrition. Committed to using a systems approach, USAID Advancing Nutrition strives to sustain positive outcomes by building local capacity, supporting behavior change and strengthening the enabling environment to save lives, improve health, build resilience, increase economic productivity and advance development. 


The USAID Advancing Nutrition Publications Development Specialist supports the projectâs technical teams to meet quarterly deadlines for project deliverables, ensuring that publications are of high quality and conform to project standards, styles, and branding. The Specialist works closely with the Senior Content Manager, who tracks overall deliverable production and oversees product quality. The Specialist will meet with technical teams to plan deliverable production timelines; help teams draft publications; identify quality gaps; and oversee standard editing, design, and translation of publications. The Specialist may also focus on challenging or at-risk deliverables, helping the Senior Content Manager identify teams and products in need of extra support and resources. She/he coordinates across teams to stay abreast of planning, research, writing, and product development while working with the broader KM team to ensure product quality. Areas of assistance to teams may include planning, author and stakeholder coordination, research, administration, writing, design, and production. The Publications Development Specialist reports to the Senior Content Manager and sits on the Knowledge Management Team but works across all project teams. They may also provide direct support for writing, editing, and layout of products from presentations and web content to posters, briefs, and reports. The salary range for this position is $68,000 - 79,000. Please note the JSI office is closed due to the ongoing pandemic and that all project staff are working remotely until the office reopens. 

USAID Advancing Nutrition is committed to creating a diverse environment and is proud to be an equal opportunity employer. All qualified applicants will receive consideration for employment without regard to race, color, religion, gender, gender identity or expression, sexual orientation, national origin, genetics, disability, age, or veteran status.vancing Nutrition is the Agencyâs flagship nutrition project, led by JSI Research &amp; Training Institute, Inc. (JSI), and a diverse group of experienced partners. Launched in September 2018, USAID Advancing Nutrition provides and implements technical support to nutrition interventions across sectors and disciplines for USAID and its partners. The projectâs multi-sectoral approach draws together global nutrition experience to design, implement and evaluate programs that address the root causes of malnutrition. Committed to using a systems approach, USAID Advancing Nutrition strives to sustain positive outcomes by building local capacity, supporting behavior change and strengthening the enabling environment to save lives, improve health, build resilience, increase economic productivity and advance development. 


The USAID Advancing Nutrition Publications Development Specialist supports the projectâs technical teams to meet quarterly deadlines for project deliverables, ensuring that publications are of high quality and conform to project standards, styles, and branding. The Specialist works closely with the Senior Content Manager, who tracks overall deliverable production and oversees product quality. The Specialist will meet with technical teams to plan deliverable production timelines; help teams draft publications; identify quality gaps; and oversee standard editing, design, and translation of publications. The Specialist may also focus on challenging or at-risk deliverables, helping the Senior Content Manager identify teams and products in need of extra support and resources. She/he coordinates across teams to stay abreast of planning, research, writing, and product development while working with the broader KM team to ensure product quality. Areas of assistance to teams may include planning, author and stakeholder coordination, research, administration, writing, design, and production. The Publications Development Specialist reports to the Senior Content Manager and sits on the Knowledge Management Team but works across all project teams. They may also provide direct support for writing, editing, and layout of products from presentations and web content to posters, briefs, and reports. The salary range for this position is $68,000 - 79,000. Please note the JSI office is closed due to the ongoing pandemic and that all project staff are working remotely until the office reopens. 

USAID Advancing Nutrition is committed to creating a diverse environment and is proud to be an equal opportunity employer. All qualified applicants will receive consideration for employment without regard to race, color, religion, gender, gender identity or expression, sexual orientation, national origin, genetics, disability, age, or veteran status., The Publications Development Specialist will:
Meet with technical teams regularly to establish production schedules and identify gaps in support for publication development.
Work as a member of the KM team to help track and assess deliverable/publication needs and contribute to overall KM goals.
In collaboration with the Senior Content Manager, provide technical leadership in quality assurance and training in product development. 
Provide planning, writing, editing, and layout services and oversight, as well as make suggestions to address challenges in product completion and bring concerns about lagging deliverables to the Senior Content Manager.
Help technical teams understand and think through the full range of product developmentâpurpose, audience, possible formats, and dissemination as well as resources available, timelines, and budgets.
Work with the Senior Content Manager to identify and hire internal and external resources for the range of production needsâresearchers, writers, editors, designers, illustrators, translators, and printers.
Write, edit, and format publications in Word (and InDesign as possible).
Help manage revisions to style tools and job aids.
Write purchase orders for vendor tasks and help manage payments as needed. 
Perform other duties as assigned.",JSI
10,https://careers.jsi.com/JSIInternet/Careers/jobdescription.cfm?id=134148&intern=0,Senior Immunization Technical Officer,"Harare, Zimbabwe",Both,"Immunization Center Overview
Through its Immunization Center, JSI seeks to strengthen global, regional and country efforts to improve routine immunization (RI) systems and increase coverage at scale in a sustainable and equitable way with attention to quality. JSI is a global leader known for its focus on strengthening routine immunization as an integral part of the broader health system.  JSI works at scale with Ministries of Health and partners to support the multiple interrelated components of the immunization system, and to identify, design and spread promising new program approaches to sustainably overcome long-standing challenges. The technical support that JSI provides at global, regional and particularly country levels is customized to build capacity; reduce inequity; improve the availability, quality and use of data at all levels; partner with communities and civil society; introduce new life-saving vaccines; promote behaviors favorable to immunization; strengthen communications; and professionalize supply chain management and logistics systems.  

The Center influences the global technical agenda for RI system strengthening in all immunization-related efforts through advocacy with partners and participation in international forums to share JSIâs technical expertise and development perspective. In addition to this global technical leadership role, the Center serves as the hub for immunization technical activity within JSI, and manages a portfolio of immunization-related projects and new business opportunities, in collaboration with other JSI Centers and the organizationâs bilateral and centrally-funded projects. 

Position Summary
The Senior Immunization Technical Officer will be based in Harare, Zimbabwe and provide assistance at national and sub-national levels to the Expanded Program on Immunization (EPI) and other units of the Ministry of Health and Child Care/Zimbabwe government departments and to their immunization inter-agency coordinating committee (ICC) and partners for planning, preparation and implementation of urban immunization activities. The Senior ITO will serve as the in-country immunization technical focal point for Gavi Partnership Engagement Framework (PEF) and Health Systems Strengthening (HSS) urban immunization and COVID-19 vaccine introduction activities and liaise with JSI/HQ and Gavi, as well as with other key partners (e.g. WHO, UNICEF, USAID, and others).ization Center Overview
Through its Immunization Center, JSI seeks to strengthen global, regional and country efforts to improve routine immunization (RI) systems and increase coverage at scale in a sustainable and equitable way with attention to quality. JSI is a global leader known for its focus on strengthening routine immunization as an integral part of the broader health system.  JSI works at scale with Ministries of Health and partners to support the multiple interrelated components of the immunization system, and to identify, design and spread promising new program approaches to sustainably overcome long-standing challenges. The technical support that JSI provides at global, regional and particularly country levels is customized to build capacity; reduce inequity; improve the availability, quality and use of data at all levels; partner with communities and civil society; introduce new life-saving vaccines; promote behaviors favorable to immunization; strengthen communications; and professionalize supply chain management and logistics systems.  

The Center influences the global technical agenda for RI system strengthening in all immunization-related efforts through advocacy with partners and participation in international forums to share JSIâs technical expertise and development perspective. In addition to this global technical leadership role, the Center serves as the hub for immunization technical activity within JSI, and manages a portfolio of immunization-related projects and new business opportunities, in collaboration with other JSI Centers and the organizationâs bilateral and centrally-funded projects. 

Position Summary
The Senior Immunization Technical Officer will be based in Harare, Zimbabwe and provide assistance at national and sub-national levels to the Expanded Program on Immunization (EPI) and other units of the Ministry of Health and Child Care/Zimbabwe government departments and to their immunization inter-agency coordinating committee (ICC) and partners for planning, preparation and implementation of urban immunization activities. The Senior ITO will serve as the in-country immunization technical focal point for Gavi Partnership Engagement Framework (PEF) and Health Systems Strengthening (HSS) urban immunization and COVID-19 vaccine introduction activities and liaise with JSI/HQ and Gavi, as well as with other key partners (e.g. WHO, UNICEF, USAID, and others)., Responsibilities will include, but not be limited to, the following assigned duties:
 Serve as the programâs primary technical expert in immunization, representing JSI on national technical working groups and committees, as appropriate. 
Serve as activity manager for JSI Zimbabwe urban immunization project, providing technical and operational management in Zimbabwe and liaising with the JSI Immunization Center
Collaborate with and serve as a technical resource to partner organizations (e.g., EPI, UNICEF, WHO, etc.) and country stakeholders in the areas of routine immunization and the control of vaccine-preventable disease; 
Identify needs and provide technical support and backstopping for country interventions related to RI, urban immunization, introduction of new vaccines, accelerated disease control, and other aspects of quality immunization service delivery;
Provide technical guidance and oversight with Zimbabweâs upcoming Gavi PEF and HSS urban immunization activities, including inputs at national level with strategies, guidelines, job aids, etc. as well as implementation of urban immunization activities in selected cities at the sub-national levels. 
Assist in organizing urban immunization situational assessment tools and conducting data collection in selected cities. 
Support MOHCC and partners with urban immunization action planning in select cities.
Support development of technical content for and facilitate involvement of national and subnational stakeholders in urban immunization Community of Practice. 
Promote sharing of lessons and experiences across countries and contribute to documentation of urban immunization and COVID-19 vaccine introduction program learning.
Collaborate with the JSI headquarters team in the preparation and implementation of work plans and budgets for the Gavi contract, and submit technical reports to the project, Gavi, and relevant partners, including monthly activity summaries and interim technical reports.
Maintain close contact (e.g. email, telephone, WhatsApp, Skype, etc.) with the JSI headquarters team and JSI in-country office, as well as with Gavi colleagues to ensure the smooth implementation of in-country activities, work plans, budgets and expenditures.
Supervise the JSI Community of Practice Program Officer 
Perform other activities as appropriate and requested by the MOHCC National EPI Manager. 
Perform other technical duties as assigned by JSI Immunization Center leadership team
Senior ITO will be based in the National EPI Office of the MOHCC in Harare and report to the HQ Technical Officer.",JSI
11,https://careers.jsi.com/JSIInternet/Careers/jobdescription.cfm?id=132247&intern=0,Sourcing Manager,"Arlington, VA",Economics,"JSI is recruiting to fill multiple positions for the anticipated global healthcare supply chain (GHSC) proposal(s). The anticipated project(s) will work to procure and deliver priority health products for a number of priority program areas (HIV/AIDS, diagnostics, malaria, family planning, and maternal and child health), improve the capacity of global health supply chains and enhance the ability of in-country supply chains to support end-user health commodity availability. The project(s) is/are expected to support countries to build resilient and sustainable supply chains which deliver high quality, life-saving pharmaceuticals, diagnostics, and medical supplies to support the highest possible level of health and quality of life for all its citizens. If awarded, the project(s) are anticipated to start late-2021.Positions are expected to be based in the Washington, DC area.ecruiting to fill multiple positions for the anticipated global healthcare supply chain (GHSC) proposal(s). The anticipated project(s) will work to procure and deliver priority health products for a number of priority program areas (HIV/AIDS, diagnostics, malaria, family planning, and maternal and child health), improve the capacity of global health supply chains and enhance the ability of in-country supply chains to support end-user health commodity availability. The project(s) is/are expected to support countries to build resilient and sustainable supply chains which deliver high quality, life-saving pharmaceuticals, diagnostics, and medical supplies to support the highest possible level of health and quality of life for all its citizens. If awarded, the project(s) are anticipated to start late-2021.Positions are expected to be based in the Washington, DC area., Provide technical leadership and performance management for sourcing and supplier services, in collaboration with the Procurement Manager, Logistics Manager, and Project Director, and in cooperation with PFSCM Strategic Supply Chain and Quality Assurance Units.
Serve as supplier relationships manager for PFSCM-contracted suppliers, including onboarding and organization of periodic business reviews with cross-cutting participation by Procurement staff.
Manage implementation of contract awards to designated suppliers, working closely with Procurement staff.
Source alternative suppliers to complement the projectâs strategies and lead their on-boarding in compliance with PFSCM policies and standard operating procedures including access to business operating systems.
Manage tracking of prices paid under new awards vs. baseline costs. 
Assist in building sourcing and supplier knowledge to develop and implement supplier and contract management as well as category spend strategies, working with the Project team.  
Collaborate to maintain and improve the sourcing scorecard that can be used to manage overall suppliersâ performance against project expectations.
Represent the project in stakeholder meetings, conferences, and industry panels by creating, presenting, and participating in presentations and strategic discussions.
Engage with the international supplier community and stay updated on current and upcoming global trends. Collect and disseminate relevant market information and knowledge via PFSCM (social) media and other internal communications mechanisms. 
Participate in incident investigation meetings and work with applicable internal and external stakeholders to bring incidents to a resolution including any claims arising. 
Develop, maintain, and manage to standard operating procedures and work instructions, including continuous improvement reviews and updates.
Lead and manage the Sourcing Unit in full accordance with USG rules and regulations, including quality standards, and PFSCM policies, standard operating procedures, and work instructions.
Manage staff and unit performance at a global level and individual level (including external and internal KPIs), and periodically evaluate the performance of individual staff.
Develop and maintain an on-boarding training program and regular refresher training for internal teams, new hires, and external stakeholders for alignment on processes and SOPs.",JSI
